t,count,max,mean,min,stddev,p50,p75,p95,p98,p99,p999
1671452530,4,3,1.545235,0,1.120721,2.000000,3.000000,3.000000,3.000000,3.000000,3.000000
